  Create DataBase QL_BANHANG
on primary
(
	Name='QLBANHANG_DATA', 
	filename='D:\BaiTap\QTCSDL\Data\QLBANHANG.mdf'
)
log on
(
	Name='QLBANHANG_LOG', 
	filename='D:\BaiTap\QTCSDL\Data\QLBANHANG.ldf'
)
--Mo CSDL de dung
Use QL_BANHANG
--Tao bang VATTU
Create Table VATTU
(
	MaVT varchar(5),
	TenVT nvarchar(40) not null,
	DVT nvarchar(10) not null,
	GiaMua money constraint chkGiaMua check (GiaMua>0),
	SLTON int constraint chkSLTON check (SLTON>=0),
	primary key(MaVT) 
)
GO
--Tao bang KhachHang (MaKH, TenKH, Diachi, DT, Email)
create table KhachHang
(
	MaKH varchar(5),
	TenKH nvarchar(30) not null,
	DiaChi nvarchar(50) not null,
	DT varchar(11),
	Email varchar(30),
	primary key(MaKH)
)
GO
Create Table HOADON
(
	SoHD Varchar(5),
	NgayLap Date not null, --constraint chkNgayLap check (NgayLap>=getdate()),
	TongTG float,
	MaKH varchar(5) not null,
	Primary key (SoHD),
	Foreign key (MaKH) references KHACHHANG(MaKH) on update cascade
)
GO
Create Table CHITIETHOADON
(
	SoHD Varchar(5),
	MaVT Varchar(5),
	SoLuong int not null, 
	GiaBan float not null,
	KhuyenMai float,	
	Primary key (SoHD, MaVT),
	Foreign key (SoHD) references HOADON(SoHD) on update cascade,
	Foreign key (MaVT) references VATTU(MaVT) on update cascade, 
	Constraint chkSoLuong check (SoLuong>0), 
	Constraint chkDonGia check (GiaBan>0)
)
GO
--Them mau tin (bộ, dòng du lieu) vao bang MATHANG
Insert Into VATTU(MAVT,TENVT,DVT,GIAMUA,SLTON)
Values('VT01',N'Xi măng',N'Bao',50000,5000)
Insert Into VATTU(MAVT,TENVT,DVT,GIAMUA,SLTON)
Values('VT02',N'Cát',N'Khối',45000,50000)
Insert Into VATTU(MAVT,TENVT,DVT,GIAMUA,SLTON)
Values('VT03',N'Gạch ống',N'Viên',120,800000)
Insert Into VATTU(MAVT,TENVT,DVT,GIAMUA,SLTON)
Values('VT04',N'Gạch thẻ',N'Viên',110,800000)
Insert Into VATTU(MAVT,TENVT,DVT,GIAMUA,SLTON)
Values('VT05',N'Đá lớn',N'Khối',25000,100000)
Insert Into VATTU(MAVT,TENVT,DVT,GIAMUA,SLTON)
Values('VT06',N'Đá nhỏ',N'Khối',33000,100000)
Insert Into VATTU(MAVT,TENVT,DVT,GIAMUA,SLTON)
Values('VT07',N'Lam gió',N'Cái',15000,50000)
GO
--Them mau tin vao bang KHACHHANG
Insert Into KHACHHANG(MAKH,TENKH,DIACHI,DT,EMAIL)
Values('KH01',N'Nguyễn Thị Bé',N'Tân Bình','38457895','bnt@yahoo.com')
Insert Into KHACHHANG(MAKH,TENKH,DIACHI,DT,EMAIL)
Values('KH02',N'Lê Hoàng Nam',N'Bình Chánh','39878987','namlehoang@gmail.com')
Insert Into KHACHHANG(MAKH,TENKH,DIACHI,DT,EMAIL)
Values('KH03',N'Trần Thị Chiêu',N'Tân Bình','38457895',NULL)
Insert Into KHACHHANG(MAKH,TENKH,DIACHI,DT,EMAIL)
Values('KH04',N'Mai Thị Quế Anh',N'Bình Chánh',NULL,NULL)
Insert Into KHACHHANG(MAKH,TENKH,DIACHI,DT,EMAIL)
Values('KH05',N'Lê Văn Sáng','Quận 10',NULL,'sanglv@hcm.vnn.vn')
Insert Into KHACHHANG(MAKH,TENKH,DIACHI,DT,EMAIL)
Values('KH06',N'Trần Hoàng',N'Tân Bình','38457897',NULL)

--Them mau tin vao bang HOADON
set dateformat dmy
GO
insert into HOADON (SoHD,NGAYLAP,MAKH,TONGTG)
values ('HD001','12/05/2010','KH01',NULL)
insert into HOADON (SoHD,NGAYLAP,MAKH,TONGTG)
values ('HD002','25/05/2010','KH02',NULL)
insert into HOADON (SoHD,NGAYLAP,MAKH,TONGTG)
values ('HD003','25/05/2010','KH01',NULL)
insert into HOADON (SoHD,NGAYLAP,MAKH,TONGTG)
values ('HD004','25/05/2010','KH04',NULL)
insert into HOADON (SoHD,NGAYLAP,MAKH,TONGTG)
values ('HD005','26/05/2010','KH04',NULL)
insert into HOADON (SoHD,NGAYLAP,MAKH,TONGTG)
values ('HD006','02/06/2010','KH03',NULL)
insert into HOADON (SoHD,NGAYLAP,MAKH,TONGTG)
values ('HD007','22/06/2010','KH04',NULL)
insert into HOADON (SoHD,NGAYLAP,MAKH,TONGTG)
values ('HD008','25/06/2010','KH03',NULL)
insert into HOADON (SoHD,NGAYLAP,MAKH,TONGTG)
values ('HD009','15/08/2010','KH04',NULL)
insert into HOADON (SoHD,NGAYLAP,MAKH,TONGTG)
values ('HD010','30/09/2010','KH01',NULL)
GO
--Them mau tin vao bang CHITIETHOADON
Insert Into CHITIETHOADON(SoHD,MAVT,SoLuong,KHUYENMAI,GIABAN)
Values ('HD001','VT01',5,NULL,52000)
Insert Into CHITIETHOADON(SoHD,MAVT,SoLuong,KHUYENMAI,GIABAN)
Values ('HD001','VT05',10,NULL,30000)
Insert Into CHITIETHOADON(SoHD,MAVT,SoLuong,KHUYENMAI,GIABAN)
Values ('HD002','VT03',10000,NULL,150)
Insert Into CHITIETHOADON(SoHD,MAVT,SoLuong,KHUYENMAI,GIABAN)
Values ('HD003','VT02',20,NULL,55000)
Insert Into CHITIETHOADON(SoHD,MAVT,SoLuong,KHUYENMAI,GIABAN)
Values ('HD004','VT03',50000,NULL,150)
Insert Into CHITIETHOADON(SoHD,MAVT,SoLuong,KHUYENMAI,GIABAN)
Values ('HD004','VT04',20000,NULL,120)
Insert Into CHITIETHOADON(SoHD,MAVT,SoLuong,KHUYENMAI,GIABAN)
Values ('HD005','VT05',10,NULL,30000)
Insert Into CHITIETHOADON(SoHD,MAVT,SoLuong,KHUYENMAI,GIABAN)
Values ('HD005','VT06',15,NULL,35000)
Insert Into CHITIETHOADON(SoHD,MAVT,SoLuong,KHUYENMAI,GIABAN)
Values ('HD005','VT07',20,NULL,17000)
Insert Into CHITIETHOADON(SoHD,MAVT,SoLuong,KHUYENMAI,GIABAN)
Values ('HD006','VT04',10000,NULL,120)
Insert Into CHITIETHOADON(SoHD,MAVT,SoLuong,KHUYENMAI,GIABAN)
Values ('HD007','VT04',20000,NULL,125)
Insert Into CHITIETHOADON(SoHD,MAVT,SoLuong,KHUYENMAI,GIABAN)
Values ('HD008','VT01',100,NULL,55000)
Insert Into CHITIETHOADON(SoHD,MAVT,SoLuong,KHUYENMAI,GIABAN)
Values ('HD008','VT02',20,NULL,47000)
Insert Into CHITIETHOADON(SoHD,MAVT,SoLuong,KHUYENMAI,GIABAN)
Values ('HD009','VT02',25,NULL,48000)
Insert Into CHITIETHOADON(SoHD,MAVT,SoLuong,KHUYENMAI,GIABAN)
Values ('HD010','VT01',25,NULL,57000)
GO
 -- CÂU 1
CREATE VIEW KH
AS(
 SELECT *
 FROM dbo.KhachHang
 WHERE DiaChi=N'TÂN BÌNH'
)
GO
-- CÂU 2
CREATE VIEW KH1
AS (
 SELECT *
 FROM dbo.KhachHang
 WHERE DT IS NULL
 )
 GO
-- CÂU 3
CREATE VIEW KH2
AS(
 SELECT *
 FROM dbo.KhachHang
 WHERE DT IS NULL AND Email IS NULL
 )
 GO
-- CÂU 4
CREATE VIEW KH3
AS(
 SELECT *
 FROM dbo.KhachHang
 WHERE DT IS NOT NULL AND Email IS NOT NULL
 )
 GO
-- CÂU 5
CREATE VIEW KH4
AS(
 SELECT *
 FROM dbo.VATTU
 WHERE DVT = N'CÁI%'
 )
 GO
--CÂU 6
CREATE VIEW KH5
AS(
 SELECT *
 FROM dbo.VATTU
 WHERE GiaMua>25000
 )
 GO

--CÂU 7
CREATE VIEW KH6
AS(
SELECT *
FROM dbo.VATTU
WHERE TenVT LIKE N'GẠCH%'
)
GO
-- CÂU 8
CREATE VIEW KH7
AS(
SELECT *
FROM dbo.VATTU
WHERE GiaMua BETWEEN 20000 AND 40000
)
GO
-- CÂU 9
CREATE VIEW KH8
AS(
SELECT SoHD,NgayLap,TenKH,DiaChi,DT
FROM dbo.HOADON,dbo.KhachHang
WHERE dbo.HOADON.MaKH=dbo.KhachHang.MaKH
)
GO
-- CÂU 10
CREATE VIEW KH9
AS(
SELECT SoHD,TenKH,DiaChi,DT 
FROM dbo.HOADON,dbo.KhachHang
WHERE dbo.HOADON.MaKH=dbo.KhachHang.MaKH AND DAY(NgayLap)=25 AND MONTH(NgayLap)=5 AND YEAR(NgayLap)=2010
)
GO
-- 
--CÂU 11
CREATE VIEW KH10
AS
(
	SELECT SoHD,TenKH,NgayLap,DiaChi,DT
	FROM HOADON,dbo.KhachHang
	WHERE dbo.HOADON.MaKH=dbo.KhachHang.MaKH AND MONTH(NgayLap)=6 AND YEAR(NgayLap)=2010
)
GO
-- CÂU 12
CREATE VIEW KH11
AS(
	SELECT TenKH,DiaChi,DT
	FROM dbo.KhachHang,dbo.HOADON
	WHERE dbo.KhachHang.MaKH=dbo.HOADON.MaKH AND  MONTH(NgayLap)=6 AND YEAR(NgayLap )=2010
)
GO
-- CÂU 13 
CREATE VIEW KH12
AS
	(
	SELECT *
	FROM dbo.KhachHang
	WHERE MaKH NOT IN
	
	(SELECT MaKH 
	FROM dbo.HOADON
	WHERE MONTH(NgayLap)=6 AND YEAR(NgayLap )=2010
	)
)
GO
-- CÂU 14 
CREATE VIEW KH13
AS
(	SELECT dbo.HOADON.SoHD,dbo.VATTU.MaVT,TenVT,DVT,GiaBan,GiaMua,SoLuong,(GiaMua*SoLuong) AS [TRỊ GIÁ MUA],(GiaBan*SoLuong) AS[TRỊ GIÁ BÁN]
	FROM HOADON,VATTU,dbo.CHITIETHOADON
	WHERE dbo.HOADON.SoHD=dbo.CHITIETHOADON.SoHD AND dbo.VATTU.MaVT=dbo.CHITIETHOADON.MaVT
)
GO
-- CÂU 15
CREATE VIEW KH14
AS
(	SELECT dbo.HOADON.SoHD,dbo.VATTU.MaVT,TenVT,DVT,GiaBan,GiaMua,SoLuong,(GiaMua*SoLuong) AS [TRỊ GIÁ MUA],(GiaBan*SoLuong) AS[TRỊ GIÁ BÁN]
	FROM HOADON,VATTU,dbo.CHITIETHOADON
	WHERE dbo.HOADON.SoHD=dbo.CHITIETHOADON.SoHD AND dbo.VATTU.MaVT=dbo.CHITIETHOADON.MaVT AND GiaBan>=GiaMua
)
GO

  -- CÂU 16
  CREATE VIEW KH15
  AS
  (
SELECT VATTU.MaVT,VATTU.TenVT,DVT,GiaBan,GiaMua,SoLuong,(GiaMua*SoLuong) AS[TRỊ GIÁ MUA] ,(GiaBan*SoLuong) AS[TRỊ GIÁ BÁN],KhuyenMai =CASE WHEN (SoLuong>100) THEN 0.1 ELSE 0 END 
FROM VATTU,CHITIETHOADON
WHERE VATTU.MaVT=CHITIETHOADON.MaVT
)
GO
-- CÂU 17
CREATE VIEW KH16
AS
(
SELECT *
FROM VATTU
WHERE MaVT NOT IN(
	SELECT MaVT
	FROM CHITIETHOADON
)
)
GO
-- CÂU 18
CREATE VIEW KH17
AS
(
SELECT H.SoHD,H.NgayLap,K.TenKH,K.DiaChi,K.DT,V.TenVT,V.DVT,V.GiaMua,C.GiaBan,C.SoLuong,(GiaMua*SoLuong) AS[TRỊ GIÁ MUA] ,(GiaBan*SoLuong) AS[TRỊ GIÁ BÁN] 
FROM HOADON H,KhachHang K,CHITIETHOADON C,VATTU V
WHERE H.MaKH=K.MaKH AND H.SoHD=C.SoHD AND V.MaVT=C.MaVT
)
GO


-- CÂU 19
CREATE VIEW KH18
AS
(
SELECT H.SoHD,H.NgayLap,K.TenKH,K.DiaChi,K.DT,V.TenVT,V.DVT,V.GiaMua,C.GiaBan,C.SoLuong,(GiaMua*SoLuong) AS[TRỊ GIÁ MUA] ,(GiaBan*SoLuong) AS[TRỊ GIÁ BÁN] 
FROM HOADON H,KhachHang K,CHITIETHOADON C,VATTU V
WHERE H.MaKH=K.MaKH AND H.SoHD=C.SoHD AND V.MaVT=C.MaVT AND MONTH(NgayLap)=5 AND YEAR(NgayLap)=2010
)
GO

-- CÂU 20
CREATE VIEW KH19
AS
(
SELECT H.SoHD,H.NgayLap,K.TenKH,K.DiaChi,K.DT,V.TenVT,V.DVT,V.GiaMua,C.GiaBan,C.SoLuong,(GiaMua*SoLuong) AS[TRỊ GIÁ MUA] ,(GiaBan*SoLuong) AS[TRỊ GIÁ BÁN] 
FROM HOADON H,KhachHang K,CHITIETHOADON C,VATTU V
WHERE H.MaKH=K.MaKH AND H.SoHD=C.SoHD AND V.MaVT=C.MaVT AND (MONTH(NgayLap) BETWEEN 1 AND 3) AND YEAR(NgayLap)=2010
)
GO
-- CÂU 21
CREATE VIEW KH20
AS
(
SELECT H.SoHD,NgayLap,TenKH,DiaChi,SUM(SoLuong*GiaBan) AS [TỔNG GIÁ TRỊ CỦA HÓA ĐƠN]
FROM HOADON H,KhachHang,CHITIETHOADON
WHERE H.MaKH=KhachHang.MaKH AND CHITIETHOADON.SoHD=H.SoHD
GROUP BY H.SoHD,NgayLap,TenKH,DiaChi
)
GO

-- CÂU 22
CREATE VIEW KH21
AS(
SELECT H.SoHD,NgayLap,TenKH,DiaChi,SUM(SoLuong*GiaBan) AS [TỔNG GIÁ TRỊ CỦA HÓA ĐƠN]
FROM HOADON H,KhachHang,CHITIETHOADON
WHERE H.MaKH=KhachHang.MaKH AND CHITIETHOADON.SoHD=H.SoHD 
GROUP BY H.SoHD,NgayLap,TenKH,DiaChi
HAVING SUM(SoLuong*GiaBan) >= ALL
					(SELECT SUM(SoLuong*GiaBan) AS [TỔNG GIÁ TRỊ CỦA HÓA ĐƠN]
					FROM HOADON H,KhachHang,CHITIETHOADON
					WHERE H.MaKH=KhachHang.MaKH AND CHITIETHOADON.SoHD=H.SoHD 
					GROUP BY H.SoHD,NgayLap,TenKH,DiaChi)
)
GO

-- CÂU 23
CREATE VIEW KH22
AS
(
SELECT H.SoHD,NgayLap,TenKH,DiaChi,SUM(SoLuong*GiaBan) AS [TỔNG GIÁ TRỊ CỦA HÓA ĐƠN]
FROM HOADON H,KhachHang,CHITIETHOADON
WHERE H.MaKH=KhachHang.MaKH AND CHITIETHOADON.SoHD=H.SoHD  AND MONTH(NgayLap)=5 AND YEAR(NgayLap)=2010
GROUP BY H.SoHD,NgayLap,TenKH,DiaChi
HAVING SUM(SoLuong*GiaBan) >= ALL
					(SELECT SUM(SoLuong*GiaBan) AS [TỔNG GIÁ TRỊ CỦA HÓA ĐƠN]
					FROM HOADON H,KhachHang,CHITIETHOADON
					WHERE H.MaKH=KhachHang.MaKH AND CHITIETHOADON.SoHD=H.SoHD 
					GROUP BY H.SoHD,NgayLap,TenKH,DiaChi)
)
GO

-- CÂU 24
CREATE VIEW KH23
AS
(
SELECT TenKH,KhachHang.MaKH ,COUNT(HOADON.SoHD) [SỐ HÓA ĐƠN]
FROM KhachHang,HOADON
WHERE KhachHang.MaKH=HOADON.MaKH
GROUP BY TenKH,KhachHang.MaKH
)
GO

-- CÂU 25
CREATE VIEW KH24
AS
(
SELECT TenKH,KhachHang.MaKH,MONTH(dbo.HOADON.NgayLap) AS [THÁNG] ,COUNT(HOADON.SoHD) AS [SỐ HÓA ĐƠN]
FROM KhachHang,HOADON
WHERE KhachHang.MaKH=HOADON.MaKH
GROUP BY TenKH,KhachHang.MaKH,dbo.HOADON.NgayLap
)
GO

-- CÂU 26
CREATE VIEW KH25
AS
(
SELECT TenKH,KhachHang.MaKH ,COUNT(*) [SỐ HÓA ĐƠN]
FROM KhachHang,HOADON
WHERE KhachHang.MaKH=HOADON.MaKH
GROUP BY TenKH,KhachHang.MaKH
HAVING COUNT(*) >=ALL
					(SELECT COUNT(*) [SỐ HÓA ĐƠN]
					FROM KhachHang,HOADON
					WHERE KhachHang.MaKH=HOADON.MaKH
					GROUP BY TenKH,KhachHang.MaKH)
)
GO
-- câu 27
CREATE VIEW KH26
AS
(
SELECT HOADON.MaKH,KhachHang.TenKH ,SUM(SoLuong) [SỐ LƯỢNG HÀNG]
FROM CHITIETHOADON,HOADON,KhachHang
WHERE CHITIETHOADON.SoHD=HOADON.SoHD AND KhachHang.MaKH=HOADON.MaKH
GROUP BY HOADON.MaKH,KhachHang.TenKH
HAVING SUM(SoLuong) >=ALL
					(SELECT SUM(SoLuong) [SỐ LƯỢNG HÀNG]
					FROM CHITIETHOADON,HOADON,KhachHang
					WHERE CHITIETHOADON.SoHD=HOADON.SoHD AND KhachHang.MaKH=HOADON.MaKH
					GROUP BY HOADON.MaKH,KhachHang.TenKH)
			)
			GO
-- CÂU 28
CREATE VIEW KH27
AS (
SELECT TOP 1 WITH TIES dbo.CHITIETHOADON.MaVT,TenVT,DVT,SLTON,COUNT(dbo.CHITIETHOADON.SoHD) AS [MẶT HÀNG BÁN NHIỀU NHẤT]
FROM dbo.CHITIETHOADON,dbo.VATTU
WHERE dbo.CHITIETHOADON.MaVT=dbo.VATTU.MaVT 
GROUP BY dbo.CHITIETHOADON.MaVT,TenVT,DVT,SLTON
ORDER BY COUNT(CHITIETHOADON.SoHD)
)
GO
-- CÂU 29
CREATE VIEW KH28
AS (
SELECT TOP 1 WITH TIES dbo.CHITIETHOADON.MaVT,TenVT,DVT,SLTON,SUM(dbo.CHITIETHOADON.SoLuong) AS [MẶT HÀNG BÁN NHIỀU NHẤT]
FROM dbo.CHITIETHOADON,dbo.VATTU
WHERE dbo.CHITIETHOADON.MaVT=dbo.VATTU.MaVT 
GROUP BY dbo.CHITIETHOADON.MaVT,TenVT,DVT,SLTON
ORDER BY SUM(CHITIETHOADON.SoLuong)
)
GO
-- CÂU 30
CREATE VIEW KH29
AS
(
SELECT K.MaKH,TenKH,DiaChi, 
		CASE WHEN (NOT EXISTS(SELECT MaKH FROM HOADON)) THEN 0
		ELSE(SELECT SUM(SoLuong) 
				FROM HOADON H, CHITIETHOADON C
				WHERE H.SoHD=C.SoHD AND K.MaKH=H.MaKH
				GROUP BY H.MaKH)
				END  AS [SỐ LƯỢNG MUA]
FROM KhachHang K 
)
GO
-- procedure
-- CÂU 1
CREATE PROCEDURE SP_DSKH (@NGAY INT)
AS
	BEGIN
		SELECT *
		FROM KhachHang,HOADON
		WHERE KhachHang.MaKH=HOADON.MaKH AND DAY(NgayLap)=@NGAY
	END
EXEC SP_DSKH 25
GO

-- CÂU 2
CREATE PROC SP_DH(@KH INT)
AS	
	SELECT DISTINCT MaKH
	FROM dbo.CHITIETHOADON,dbo.HOADON
	WHERE dbo.CHITIETHOADON.SoHD=dbo.HOADON.SoHD
	GROUP BY dbo.CHITIETHOADON.SoHD ,MaVT,MaKH
	HAVING SUM (GiaBan*SoLuong)>@KH
GO

EXEC dbo.SP_DH @KH = 1000000 -- int

-- CÂU 3
CREATE PROC CAU3 (@X INT)
AS
	SELECT TOP (@X) WITH TIES MaKH,SUM(GiaBan*SoLuong) AS[TỔNG TIỀN]
	FROM dbo.CHITIETHOADON,dbo.HOADON
	WHERE dbo.CHITIETHOADON.SoHD=dbo.HOADON.SoHD
	GROUP BY MaKH,dbo.CHITIETHOADON.SoHD
	ORDER BY [TỔNG TIỀN] DESC
GO
EXEC CAU3 @X =1


-- CÂU 4
CREATE PROC CAU4 (@X INT)
AS
	SELECT TOP (@X) WITH TIES MaVT,SUM(SoLuong) AS [SỐ HÀNG BÁN ĐƯỢC]
	FROM dbo.CHITIETHOADON
	GROUP BY MaVT
	ORDER BY [SỐ HÀNG BÁN ĐƯỢC] DESC
GO
EXEC CAU4 @X =2

-- CÂU 5
CREATE PROC CAU5 (@X INT)
AS
	SELECT TOP (@X) WITH TIES VATTU.MaVT,SUM((GiaBan*SoLuong)-(GiaMua*SoLuong)) AS [LÃI]
	FROM dbo.VATTU,dbo.CHITIETHOADON
	WHERE VATTU.MaVT=CHITIETHOADON.MaVT
	GROUP BY VATTU.MaVT
	ORDER BY [LÃI] ASC
GO
EXEC CAU5 @X=5
DROP PROC CAU5
--CÂU 6
CREATE PROC CAU6 (@X INT)
AS
	SELECT TOP (@X) WITH TIES HOADON.SoHD,SUM(GiaBan*SoLuong) AS[TỔNG TIỀN]
	FROM dbo.CHITIETHOADON,dbo.HOADON
	WHERE dbo.CHITIETHOADON.SoHD=dbo.HOADON.SoHD
	GROUP BY HOADON.SoHD,dbo.CHITIETHOADON.SoHD
	ORDER BY [TỔNG TIỀN] DESC
GO
EXEC CAU6 @X =3
-- CÂU 7
CREATE PROC SP_UPDATEKM
AS
	BEGIN
		SELECT SoHD,SoLuong,KhuyenMai = CASE WHEN (SoLuong>100 AND SoLuong<=500) THEN '5%' WHEN (SoLuong>500) THEN '10%' END
		FROM CHITIETHOADON
	END
EXEC SP_UPDATEKM
GO
DROP PROC SP_UPDATEKM

-- CÂU 8
CREATE PROC SP_TONGSoLuongBAN
AS
	BEGIN
		SELECT VATTU.MaVT,TenVT,SLTON=(SLTON-SUM(SoLuong))
		FROM VATTU,CHITIETHOADON
		WHERE VATTU.MaVT=CHITIETHOADON.MaVT
		GROUP BY VATTU.MaVT,TenVT,SLTON
	END
EXEC SP_TONGSoLuongBAN
GO
-- CÂU 9
CREATE PROC SP_TRIGIAMOIHOADON
AS
	BEGIN
		SELECT HOADON.SoHD,TongTG=SUM(SoLuong*GiaBan)
		FROM HOADON,CHITIETHOADON
		WHERE HOADON.SoHD=CHITIETHOADON.SoHD
		GROUP BY HOADON.SoHD
	END
DROP PROC SP_TRIGIAMOIHOADON
EXEC SP_TRIGIAMOIHOADON
GO
USE QL_BANHANG
GO
 --CÂU 10
CREATE TABLE KH_VIP
(
	MaKH VARCHAR(5) PRIMARY KEY,
	TenKH NVARCHAR(30),
	DiaChi NVARCHAR(50),
	DT VARCHAR(11),
	Email VARCHAR(30)
)
DROP TABLE dbo.KH_VIP
 
SELECT *
FROM KH_VIP
CREATE PROC CAU10
AS
	BEGIN
		DECLARE @MaKH VARCHAR(5)
		DECLARE @TenKH NVARCHAR(30)
		DECLARE @DiaChi NVARCHAR(50)
		DECLARE @DT VARCHAR(11)
		DECLARE @Email VARCHAR(30)

		SELECT @MaKH=KHACHHANG.MaKH,@TenKH=TenKH,@DiaChi=DiaChi,@DT=DT,@Email=Email
		FROM HOADON,KhachHang,CHITIETHOADON
		WHERE HOADON.MaKH=KhachHang.MaKH AND CHITIETHOADON.SoHD = HOADON.SoHD AND TongTG>=10000000
		GROUP BY KHACHHANG.MaKH,TongTG,TenKH,DiaChi,DT,Email

		DECLARE @I INT
		SET @I=0

		INSERT INTO KH_VIP VALUES(@MaKH,@TenKH,@DiaChi,@DT,@Email) 
	END
	SELECT *
	FROM HOADON,KhachHang,CHITIETHOADON
	WHERE HOADON.MaKH=KhachHang.MaKH AND CHITIETHOADON.SoHD = HOADON.SoHD AND  TongTG>=10000000
		
	UPDATE HOADON SET TongTG = 12000000  

		SELECT MaKH,HOADON.SoHD,TongTG=(SoLuong*GiaBan)
		FROM HOADON,CHITIETHOADON
		WHERE HOADON.SoHD=CHITIETHOADON.SoHD
		GROUP BY HOADON.SoHD,TongTG,SoLuong,GiaBan,MaKH
		ORDER BY TongTG DESC
GO
DROP PROC CAU10
EXEC CAU10 
SELECT *
FROM KH_VIP
 --FUNCION
 --CÂU 1

 GO
CREATE FUNCTION [FUN_DOANHTHU_NAM](@NAM INT)
RETURNS INT
AS
 BEGIN
	RETURN
	(
		SELECT SUM(GiaBan*SoLuong) AS [TỔNG DOANH THU CỦA NĂM] 
		FROM dbo.HOADON,dbo.CHITIETHOADON
		WHERE  YEAR(NgayLap)=@NAM
	)
END
GO
DROP  FUNCTION [FUN_DOANHTHU_NAM]
SELECT dbo.FUN_DOANHTHU_NAM(2010)
-- CÂU 2
CREATE FUNCTION FUNN_DOANHTHU_X (@THANG INT ,@NAM INT)
RETURNS INT
AS
	BEGIN
			RETURN
			(SELECT SUM(GiaBan*SoLuong) AS [TỔNG DOANH THU CỦA THÁNG VÀ NĂM] 
			FROM dbo.HOADON,dbo.CHITIETHOADON
			WHERE (HOADON.SoHD=CHITIETHOADON.SoHD) AND (MONTH(NgayLap)=@THANG) AND (YEAR(NgayLap)=@NAM)
			
			)
END
GO
DROP FUNCTION dbo.FUNN_DOANHTHU_X
GO
SELECT dbo.FUNN_DOANHTHU_X(5 , 2010)
--CÂU 3
CREATE FUNCTION f_doanhthukhachhang (@makh varchar(5))
RETURNs int
AS
BEGIN
       DECLARE @doanhthu int 
       SET @doanhthu=( SELECT SUM(SoLuong*GiaBan)
	   FROM dbo.CHITIETHOADON,dbo.HOADON,dbo.KhachHang
	   WHERE (dbo.HOADON.MaKH= @makh) AND (dbo.HOADON.SoHD=dbo.CHITIETHOADON.SoHD) AND (dbo.HOADON.MaKH=dbo.KhachHang.MaKH))
	   RETURN @doanhthu
	   END
	   DROP FUNCTION f_doanhthukhachhang
	  SELECT dbo.f_doanhthukhachhang('KH01') AS [Doanh Thu Khach Hang KH01]

-- CÂU 4
CREATE FUNCTION fun_doanhthu_tungmathang(@MaVT varchar(10),@THANG INT,@NAM INT)
	RETURNS INT
	AS
	BEGIN
		DECLARE @TINHTONG INT
				SET @TINHTONG=
				(SELECT SUM(SoLuong) AS [SỐ LƯỢNG BÁN RA CỦA MẶT HÀNG]
				FROM CHITIETHOADON,HOADON
				WHERE CHITIETHOADON.SoHD=HOADON.SoHD AND MaVT=@MaVT and MONTH(NgayLap)=@THANG AND YEAR(NgayLap)=@NAM 
				)
			RETURN @TINHTONG
		END
GO
DROP FUNCTION fun_doanhthu_tungmathang
SELECT dbo.fun_doanhthu_tungmathang('VT03',5,2010)
-- CÂU 5
CREATE FUNCTION F_LAI(@MaVT VARCHAR(10))
	RETURNS BIGINT
	AS
		BEGIN
			DECLARE @LAI BIGINT
			
				IF(@MaVT IS  NULL)
				BEGIN
					SELECT @LAI = SUM (SoLuong*(GiaBan-GiaMua))  
					FROM CHITIETHOADON,VATTU
					WHERE  CHITIETHOADON.MaVT=VATTU.MaVT
				END
				ELSE
					BEGIN
					SELECT @LAI = SUM (SoLuong*(GiaBan-GiaMua)) 
					FROM HOADON,CHITIETHOADON,VATTU
					WHERE CHITIETHOADON.MaVT=VATTU.MaVT AND VATTU.MaVT=@MaVT
					END
					RETURN @LAI
		END
GO
DROP FUNCTION F_LAI
SELECT dbo.F_LAI('VT03')
-- TRIGGER
--CÂU 1
--CÂU 2
--CÂU 3
CREATE TRIGGER [KHONG_TRUNG_TEN]
	ON VATTU
	FOR INSERT
AS
	IF(SELECT COUNT(*) 
	FROM VATTU V1,VATTU V2
	WHERE V1.TenVT=V2.TenVT)> 0
	BEGIN
		PRINT N'ĐÃ TỒN TẠI VẬT TƯ'
		ROLLBACK TRAN
	END
Insert Into VATTU(MAVT,TENVT,DVT,GIAMUA,SLTON)
Values('VT11',N'Xi măng',N'Bao',50000,5000)

--CAU 4

SELECT *
FROM CHITIETHOADON c join VATTU v on v.MaVT = c.MaVT

DROP TRIGGER [dbo].[CAP NHAT KHUYEN MAI]
CREATE TRIGGER [dbo].[CAP NHAT KHUYEN MAI] ON [dbo].[CHITIETHOADON]
FOR INSERT, UPDATE
AS
BEGIN
DECLARE @SoLuong BIGINT, @KHUYENMAI INT
SELECT @SoLuong = (SELECT SoLuong FROM INSERTED)

IF @SoLuong > 500
BEGIN
UPDATE CHITIETHOADON
  SET KhuyenMai = 10
WHERE SoHD = (SELECT SoHD FROM inserted) AND MaVT = (SELECT MaVT FROM inserted)
END
ELSE IF @SoLuong > 100
BEGIN
UPDATE CHITIETHOADON
  SET KhuyenMai = 5
WHERE SoHD = (SELECT SoHD FROM inserted) AND MaVT = (SELECT MaVT FROM inserted)

END
END
GO

SELECT * FROM CHITIETHOADON
INSERT INTO CHITIETHOADON VALUES('HD001','VT03',33000,300 ,NULL)
INSERT INTO CHITIETHOADON VALUES('HD002','VT05',99,5000 ,NULL)
INSERT INTO CHITIETHOADON VALUES('HD003','VT06',150,9000 ,NULL)

--CAU 5
DROP TRIGGER [CAU 5 TRIGGER]
CREATE TRIGGER [CAU 5 TRIGGER] ON CHITIETHOADON
FOR INSERT
AS
BEGIN
DECLARE @SoLuongMua BIGINT
SET @SoLuongMua = (SELECT SoLuong FROM inserted)
IF @SoLuongMua > (SELECT SLTON FROM VATTU v, inserted i WHERE v.MaVT = i.MaVT)
BEGIN
PRINT N'Không đủ hàng'
ROLLBACK TRAN
END
ELSE
BEGIN
UPDATE VATTU
SET SLTON = SLTON - @SoLuongMua
WHERE MaVT = (SELECT MaVT FROM inserted)
COMMIT TRAN
END
END

--CAU 6
CREATE TRIGGER [CAU 6 TRIGGER] ON VATTU
FOR DELETE
AS
BEGIN
DECLARE @COUNT INT
SET @COUNT = @@ROWCOUNT
IF @COUNT > 1
BEGIN
ROLLBACK TRAN
PRINT('Cannot delete more then one row at the same time!')
END
ELSE
COMMIT TRAN
END


--CAU 7
CREATE TRIGGER [CAU 7 TRIGGER] ON CHITIETHOADON FOR INSERT, UPDATE
AS
BEGIN
DECLARE @SoHD VARCHAR(10), @COUNT INT
SELECT @SoHD = (SELECT SoHD FROM inserted)
SET @COUNT = (SELECT COUNT(c.MaVT) FROM CHITIETHOADON c WHERE c.SoHD = @SoHD)
IF @COUNT >= 6
BEGIN
ROLLBACK TRAN
PRINT('ONLY 5 TYPES CAN BE SOLD IN A BILL')
END
ELSE
BEGIN
PRINT('INSERTED SUCCESSFULLY')
COMMIT TRAN
END
END
GO

DROP TRIGGER [CAU 7 TRIGGER]

--CAU 8
DROP TRIGGER [CAU 8 TRIGGER]
GO
CREATE TRIGGER [CAU 8 TRIGGER] ON CHITIETHOADON FOR UPDATE, INSERT
AS
BEGIN
DECLARE @SoHD VARCHAR(10), @TONG BIGINT
SET @SoHD = (SELECT SoHD FROM inserted)
SET @TONG = (SELECT SUM((SoLuong * GiaBan) * IIF(KhuyenMai IS NULL, 1, (100 - CONVERT(FLOAT, KhuyenMai)) / 100)) FROM CHITIETHOADON WHERE @SoHD = SoHD)
IF  @TONG > 50000000
BEGIN
PRINT('KHONG THE BAN LON HON 50000000')
ROLLBACK TRAN
END
END
GO

SELECT * FROM VATTU

INSERT INTO CHITIETHOADON VALUES('HD001', 'VT02', 10, NULL, 22500)
INSERT INTO CHITIETHOADON VALUES('HD001', 'VT03', 5001, NULL, 30000)
INSERT INTO CHITIETHOADON VALUES('HD001', 'VT04', 10, NULL, 50000000)
INSERT INTO CHITIETHOADON VALUES('HD001', 'VT07', 10, NULL, 30000)

DELETE FROM CHITIETHOADON WHERE SoHD = 'HD001' AND (MaVT = 'VT03' OR MaVT = 'VT04' OR MaVT = 'VT02' OR MaVT = 'VT06' OR MaVT = 'VT07')
SELECT * FROM VATTU
GO


--CAU 9
CREATE TRIGGER [CAU 9 TRIGGER] ON CHITIETHOADON FOR INSERT, UPDATE
AS
BEGIN
DECLARE @GIA FLOAT, @MAVT VARCHAR(10)
SET @GIA = (SELECT CONVERT(FLOAT, GiaBan) FROM inserted)
SET @MAVT = (SELECT MaVT FROM inserted)
IF @GIA < 0.5 * (SELECT GiaMua FROM VATTU WHERE MaVT = @MAVT)
BEGIN
PRINT('KHONG THANH CONG')
ROLLBACK TRAN
END
END
GO

--10
CREATE TRIGGER [CAU 10 TRIGGER] ON CHITIETHOADON FOR INSERT, UPDATE
AS
BEGIN
DECLARE @MAMH VARCHAR(10)
SET @MAMH = (SELECT MaVT FROM inserted)
IF EXISTS(SELECT * FROM CHITIETHOADON c JOIN VATTU v ON v.MaVT = c.MaVT AND c.MaVT = @MAMH WHERE TenVT LIKE N'Gạch%')
BEGIN
DECLARE @SoLuong INT
SET @SoLuong = (SELECT SoLuong FROM inserted)
IF (@SoLuong % 100) <> 0
BEGIN
PRINT('Can mua so luong la boi so cua 100')
ROLLBACK TRAN
END
END
END
GO




